Country,selected_Mean_total_billions,selected_SD_total_billions,selected_Mean_perio_billions,selected_SD_perio_billions,selected_Mean_replace_billions,selected_SD_replace_billions,selected_model,Dent_exp_usd,Dent_exppc_usd,GDP_per_capita_PPP_2021
Afghanistan,0.00771260320278667,0.04431788102833239,0.0024047650897435,0.01437920750095171,6.724884324056074e-4,0.0055603229034472,low,0.0167,0.46,2144.16657
Albania,0.00133788725420434,0.00284340076537342,3.7897436843578337e-4,0.00145457712264276,1.2031048797228171e-4,5.018284469807825e-4,low,0.0363,12.66,16126.77749
Algeria,0.02609843492757018,0.0568261947278492,0.00795786591138562,0.03185518743970468,0.00257976826053245,0.01198972329083353,low,0.3237,7.46,14496.86547
Andorra,0.00174557968850183,0.00113993389713636,4.312486314818275e-4,3.895253504565928e-4,4.989880958033429e-4,5.60786924632386e-4,mid,0.0146,189.89,59332.20291
Angola,0.01408311350755987,0.04036697883988436,0.00344539942389847,0.0173442324363572,0.00104790031527402,0.00467808749787434,low,0.0702,2.33,7408.126591
Antigua and Barbuda,0.00149561088660474,0.00109191904116506,3.9217154983069207e-4,4.063074786345364e-4,4.941488623774641e-4,6.198951040071151e-4,mid,0.0048,51.88,25745.49581
Argentina,0.7376893112040573,0.5122533704895472,0.1759761107648311,0.1751959832393725,0.22522737616323185,0.27577812222733183,mid,1.106,24.55,26300.27426
Armenia,0.02599814531964428,0.01967539709504755,0.00602389947544525,0.00717701014862539,0.00800891921660166,0.0111719938896377,mid,0.113,38.05,15921.70528
Australia,4.7779274580185405,1.1135097506156126,1.9609371021748576,0.432752027841364,0.9764413702749444,0.5147024240278043,high,7.3703,288.25,58182.33695
Austria,0.9054754875864336,0.248505615476528,0.35655193192245127,0.13639971281758342,0.1869614300032158,0.11461364567658666,high,2.1157,236.39,62968.94223
Azerbaijan,0.00685957933181614,0.01432096712831067,0.00191944530103818,0.00769589489595846,5.637743596352255e-4,0.00211121238011947,low,0.1268,12.61,20111.3757
Bahamas,0.03825544562393176,0.01304641229035123,0.01740808530592489,0.00867888113307453,0.0094794035100846,0.00696050952786588,high,0.0329,75.3,31064.68222
Bahrain,0.00287501403284679,0.00508386726841084,8.653549309990026e-4,0.0025815964874429,2.6984133796968115e-4,9.524077993457436e-4,low,0.0625,41.36,54954.67579
Bangladesh,0.07520373542077045,0.22830381861848367,0.03011475504931224,0.14684012539354144,0.00841067528009897,0.03787313025579819,low,0.0125,0.08,7441.06914
Barbados,0.00333763683877709,0.00270308906517011,8.817040390738802e-4,0.00106675697426776,0.00119457824551638,0.00162922656799349,mid,0.0152,52.8,15683.88471
Belarus,0.00635671049223649,0.01245279663222902,0.00179609836260802,0.00623906250257251,5.696787418370329e-4,0.00211900093529996,low,0.1371,14.47,27611.18011
Belgium,1.6833933019470864,0.4853288211595086,0.7439339290014014,0.2771389719706388,0.3936272272345374,0.2427751142150518,high,2.1221,185.2,60669.21377
Belize,0.00471837006155084,0.00379051404177093,0.00109632529531759,0.00152761550818876,0.00156943550672867,0.00230974613832251,mid,0.0057,14.08,11677.46101
Benin,0.00418107454176375,0.01900686288933582,0.00183426212335414,0.01265773356862887,5.430031693635109e-4,0.00277840438351081,low,0.0033,0.28,3464.288629
Bhutan,7.699617879004322e-4,0.00189839045802629,3.100770005471612e-4,0.00127889321247032,9.095066225389356e-5,3.698659546095324e-4,low,0,0.06,13458.81267
Bolivia,0.00558320692231898,0.01431617167069729,0.00174533245353014,0.00767163999558203,4.703533135671899e-4,0.00207164176202356,low,0.0482,4.17,9454.198147
Bosnia and Herzegovina,0.02927632187420578,0.0221059776232244,0.0072485090476139,0.00823258526652464,0.00918242841881524,0.01247024744372106,mid,0.0727,20.75,18285.67112
Botswana,0.02838491580562979,0.01720097670666455,0.00318161762790431,0.00263789522062034,0.00250797389375146,0.00270397485296248,mid,0.0574,24.15,17960.62544
Brazil,2.0391616778198665,1.1161851356198915,0.4156984792334346,0.33502613826452216,0.26428865951237385,0.26337159801898175,mid,3.7128,17.68,18075.706
Brunei Darussalam,8.47504438125332e-4,0.00146064236856037,2.058942559950197e-4,6.478858444549545e-4,6.43667095308495e-5,2.2089524255341255e-4,low,0.0091,20.35,78248.79711
Bulgaria,0.00387066399693072,0.00720601671102461,9.724453110381026e-4,0.00335186067133272,2.874719381349399e-4,0.0010287862202994,low,0.1094,15.72,30971.91319
Burkina Faso,0.00812133912811583,0.04146567589661842,0.00279165795717091,0.02647523239855297,0.00106813751978656,0.00654179785298534,low,0.0046,0.23,2486.430931
Burundi,0.00108635594901357,0.0135690574055284,4.6008132756997894e-4,0.00476262946296468,1.7272264947246636e-4,0.00154489407283861,low,0.0013,0.12,836.6655713
Cabo Verde,3.316559142119442e-4,0.0011207505067921,1.5992694447885446e-4,8.092289319299491e-4,4.552774672675661e-5,2.0747649925139492e-4,low,0.0034,6.12,7685.419214
Cambodia,0.00507600246150207,0.01533462572572022,0.00145421265369939,0.00858449921498043,4.440447542805635e-4,0.00287345506234872,low,1e-4,0.01,6225.532655
Cameroon,0.01378321967399533,0.0469504949205962,0.00610091379971721,0.03162063531826019,0.00169628917879881,0.01027547009212379,low,0.0066,0.26,4793.556282
Canada,6.266017217236206,1.550708771631263,2.5563229147176543,0.5989293524620426,1.4645302287980333,0.719646677852723,high,12.8291,342.52,56995.11768
Central African Republic,2.0681592569513283e-4,0.00314940475304241,9.975627352420263e-5,0.00105670221086996,3.692442166179442e-5,2.857046536817051e-4,low,0.0011,0.22,1128.55238
Chad,0.00570190256257015,0.02797394457426379,0.00208553254155375,0.01536622456926703,6.944305865933829e-4,0.00530027878414478,low,0.0034,0.26,2435.072747
Chile,0.0248709130840766,0.04136779310813687,0.0078711589068708,0.02175053767420874,0.00146124959948756,0.00448328621928735,low,0.4696,24.58,29089.85046
China,23.945051272398157,6.409602327585316,9.131307165291144,2.300427241489013,7.702021549308578,3.899233580088848,high,61.5486,43.96,20843.29783
Colombia,0.03962082165276045,0.0940596898580556,0.01276950466288087,0.05410845748581525,0.00389883850252183,0.01401449593497037,low,0.7051,14,17383.09017
Comoros,1.8419654953500043e-4,6.568031657158955e-4,5.511341189106629e-5,3.615079243396248e-4,1.8795591236877364e-5,1.1024061562981916e-4,low,3e-4,0.3,3449.043575
Congo,0.00167203478064217,0.00506111545379885,5.329508802556453e-4,0.0031568365139386,1.668212903406547e-4,8.529969600714047e-4,low,0.0047,1.03,6263.211613
Costa Rica,0.08108406516447549,0.06098685153012173,0.02107505986155784,0.02279239518513577,0.02702350516509163,0.03553696968726562,mid,0.1617,31.84,23852.9253
Croatia,0.06489396122877097,0.04570614237368599,0.01686800717548165,0.01622129207767858,0.0211163673444354,0.02536855708367524,mid,0.1494,36.8,36930.47013
Cuba,0,0,0,0,0,0,high,0.3044,26.85,NA
Cyprus,0.0014564221105024,0.00269845319749706,3.5798265443226236e-4,0.00112159117947882,1.104557829626552e-4,4.103258475353851e-4,low,0.0126,14.41,48781.27734
Czechia,0.9109675854714946,0.2680878348367561,0.3824002007296217,0.16232483994904284,0.20457254340852937,0.13390193883972418,high,0.8438,79.32,47796.03374
Côte d'Ivoire,0.01480526518521102,0.04696480563926673,0.00538681897119967,0.02874308196824592,0.00154294003950625,0.00870610207880175,low,0.0066,0.25,6045.204805
Democratic Republic of the Congo,0.01013509046140761,0.08968452148492694,0.0035539643395729,0.03224419439068397,0.00157266905690468,0.010750651043624,low,0.0229,0.23,1313.618218
Denmark,1.0984150511838109,0.3151782543364713,0.5113731762549018,0.17777925812925735,0.27159782486392425,0.1628662310217332,high,1.8676,321.67,69715.18097
Djibouti,3.967650981232464e-4,0.00115290233025454,1.1350391772714268e-4,5.658353245568745e-4,3.760660316802611e-5,2.1248940171231657e-4,low,8e-4,0.76,5960.108074
Dominica,7.861590547124321e-4,6.637823148197328e-4,2.060021264135897e-4,2.569253060140537e-4,2.747701632266414e-4,4.141809898119755e-4,mid,0.0019,26.92,15808.97435
Dominican Republic,0.00801155384898176,0.01645600352129552,0.00243013317049378,0.00837669412949178,7.207390636382862e-4,0.0028062382875987,low,0.0823,7.94,22053.45899
Ecuador,0.00933420454486954,0.01967056402547525,0.00308097392854093,0.01194939169997789,9.0173858663229e-4,0.00352122408417278,low,0.1257,7.28,13507.44456
Egypt,0.06339440608290518,0.14180727119513878,0.01580225341153158,0.0608153788979094,0.00475650838917167,0.01939355225429984,low,0.3293,3.32,15579.01609
El Salvador,0.00239303149444534,0.00634961670379602,7.604212048535122e-4,0.00343866867269048,2.3384153741454693e-4,0.00120658587059234,low,0.0628,9.37,10809.7134
Equatorial Guinea,0.00123721420798386,0.00277751226480095,3.01875406928849e-4,0.00119573463918756,1.0474972271908558e-4,4.637451133569445e-4,low,0.0057,4.19,16821.44865
Eritrea,0,0,0,0,0,0,high,0.0024,0.39,NA
Estonia,0.02309571568967252,0.01556107649126598,0.00559179056132178,0.00515673022639895,0.00680888950994006,0.00796232686844392,mid,0.149,113,44251.5375
Eswatini,4.342888029410171e-4,0.00113329012985777,7.842498269209491e-5,4.321699100356368e-4,2.7897445892815188e-5,1.425750037461209e-4,low,0.0138,12.18,9946.040554
Ethiopia,0.03408776768174501,0.15916570158625729,0.01657322671648137,0.09754987021907344,0.00376640379039508,0.02739879156034799,low,1e-4,0.01,2588.413102
Fiji,2.799874788380195e-4,8.652186247092949e-4,2.7081993537582667e-5,1.286391812944315e-4,8.606031006646903e-6,3.453614532038251e-5,low,0.0069,7.7,10685.19703
Finland,0.14042670682042185,0.09280572171303904,0.03616663785810273,0.03130883224854192,0.04150027513788644,0.04654410415110059,mid,0.5937,107.59,56790.37662
France,4.934247031149967,1.1608484041425025,1.7267939115433073,0.3857895641163511,1.1569022081940918,0.6043830861136795,high,12.666,195.39,52517.33549
Gabon,0.00129000874688889,0.00280461261575826,3.4595358181993964e-4,0.00130777370391089,1.000568095247672e-4,4.136418159450964e-4,low,0.0077,3.69,18523.5798
Gambia,0.00108353774463563,0.0041156054297334,4.760811553932347e-4,0.00265538603370759,1.4184930028820036e-4,0.00101237009771174,low,0,0.02,3503.034914
Georgia,0.00181118128920978,0.00366835758944245,5.087388364207511e-4,0.00186029539681632,1.4568099403611262e-4,6.30777269203618e-4,low,0.0116,3.13,18915.6534
Germany,11.67214373990602,2.5089558422576927,6.020599301810083,1.6714757403585494,1.8786635476996831,0.956835088277682,high,30.8773,372.15,62530.76532
Ghana,0.01819217377724796,0.06209252400870381,0.00811956408183893,0.04214403566672897,0.00213669972257596,0.01312120928533281,low,8e-4,0.03,6607.502974
Greece,0.13312154856785882,0.08951595168687511,0.03073821869250466,0.02985526582592416,0.03747936842358961,0.0482435642367421,mid,0.8265,77.14,33531.15511
Grenada,0.00121692203278749,9.804586862907905e-4,3.170074120900461e-4,4.0573282837425863e-4,4.223429752349301e-4,6.353109871998543e-4,mid,0.0035,32.04,15298.12311
Guatemala,0.00995933166989692,0.02426069314481403,0.00328618474594557,0.01601298490118837,9.114446947304132e-4,0.00491099051509576,low,0.1624,9.22,11825.14092
Guinea,0.00568947650534282,0.02254163154291622,0.00239558783819606,0.01515819070734652,6.68918958173671e-4,0.00406134561908855,low,0.0032,0.23,3738.805126
Guinea-Bissau,5.524709488303253e-4,0.0027204334754311,2.353704974195207e-4,0.00186996292230869,7.279038772394752e-5,4.5888052922552224e-4,low,5e-4,0.25,2483.850629
Guyana,5.642790065637031e-4,0.00111197946567024,1.7252926315582633e-4,6.274061776913462e-4,5.019484449390664e-5,1.9904040320149692e-4,low,0.0113,14.38,22865.9271
Haiti,0.00228588023163044,0.0099415462430036,8.097090842896267e-4,0.00495563101514288,3.078761755641794e-4,0.00214759972431798,low,0.0263,2.34,3134.950149
Honduras,0.00383721394824403,0.01191949714313613,0.00125966524798084,0.00699594986330683,3.9330635619001466e-4,0.00202805625653346,low,0.052,5.42,6202.980788
Hungary,0.097013849744063907,0.05950008892201333,0.01584179157189895,0.01520762059196983,0.01879099834076705,0.0237822795541767,mid,0.3639,37.29,38887.19095
Iceland,0.03775392178004815,0.01071557833338392,0.01432635755092345,0.00548428149294454,0.00754087802884834,0.00481798789704468,high,0.1455,407.54,61610.21327
India,0.6819608194951874,1.9544398765446536,0.25256455498438485,1.3002552722454923,0.07918799216225036,0.34848029785708606,low,0.0645,0.05,8050.018575
Indonesia,0.15176085309110887,0.3610936378080673,0.05043026377483792,0.19904811379445983,0.01590366473061792,0.08887621279629851,low,0.2666,1,12757.07464
Iran,0.8948957669737287,0.7540370437468584,0.22401625783311707,0.29347489182596,0.3167321511620423,0.46856629119102655,mid,3.5071,42.12,12731.75358
Iraq,0.03375644639708587,0.08093233158555493,0.00897555204358543,0.03928591882862992,0.00270596147370723,0.01549603673152897,low,1e-4,0.01,12731.75358
Israel,0.9377874178980884,0.2727181606512431,0.328264960670592,0.14619799978635725,0.1796993863421422,0.12272832882929258,high,1.8272,201.81,46162.08227
Italy,3.829529981490881,1.2224614986974478,0.9248961670570154,0.3873318296705088,1.508243153867841,0.759089545479997,high,19.123,316.82,49825.39341
Jamaica,0.02232032015167115,0.01985751185944478,0.00578517596404813,0.0086267834879619,0.00843097928554591,0.01298771657069555,mid,0.0449,15.62,9577.164211
Japan,6.303328136523565,1.3699568945842937,2.4330108783626367,0.5260809991700274,1.7550524240676353,0.8760799269873589,high,28.7336,227.7,44355.34872
Jordan,0.00541759973221285,0.01413327897802324,0.00174327278088989,0.00777190436028286,5.332354395474579e-4,0.00267742090787189,low,0.0747,7.42,9182.496161
Kazakhstan,0.01737499706300274,0.03108816341682479,0.0037947243804945,0.01245890148017227,0.00114635198843769,0.00394018522401402,low,0.061,3.27,32945.85157
Kenya,0.02546438634103403,0.08168631943885202,0.01036268601842018,0.05409586018894132,0.00258478183229811,0.01432982703382685,low,1e-4,0.01,5338.852434
Kiribati,1.3838604141152492e-5,1.0523366674787885e-4,2.1507556792339595e-6,1.3237794981674464e-5,5.340443154643867e-7,3.482387128815648e-6,low,3e-4,2.61,3020.493999
Kuwait,0.13173964401987115,0.0883007067489076,0.03408331267954673,0.03048898661596871,0.04014434555555186,0.04505899048974223,mid,0.2182,46.41,50651.95758
Kyrgyzstan,0.00176356954018524,0.0060194883353891,4.6830987895526705e-4,0.00254543435191933,1.3971897233709695e-4,7.551794244216736e-4,low,0.0039,0.6,5736.478834
Lao People's Democratic Republic,0.00221723448093928,0.00605470555435474,4.0645899400969335e-4,0.00218207803848228,1.2255549555457423e-4,6.245340288858094e-4,low,0.0045,0.63,8080.435532
Latvia,0.02419062872304058,0.01580543187445881,0.00617168647615773,0.00590833703322711,0.00711684509237394,0.00792808954979439,mid,0.112,58.08,36912.01306
Lebanon,0.09524341690081672,0.07918844985909033,0.02377934041825002,0.03127489568666464,0.03274768252627289,0.04836921245572525,mid,0.1049,17.29,11599.77551
Lesotho,2.124554355354544e-4,0.00134156340411891,5.4461356778905586e-5,3.4385384163202615e-4,1.4458856631450724e-5,9.82636286843707e-5,low,0.0093,4.56,2544.782496
Liberia,0.00138936044025051,0.00719104498145491,5.837764352479019e-4,0.00471019352535361,2.457627691268242e-4,0.00177082575198356,low,7e-4,0.16,1539.208923
Libya,0.00393421707964912,0.00958085629757339,0.00126771985840556,0.00546331721215562,3.8577728438776303e-4,0.0016767082540993,low,0.0615,9.34,12641.50977
Lithuania,0.04948030636993186,0.03269711423463484,0.012270639646405,0.01110144410520531,0.01493135539703121,0.01656382759282117,mid,0.199,71.47,45873.52732
Luxembourg,0.1339198598673435,0.0344866562183491,0.05145780026349216,0.01673892255237804,0.02657219235002044,0.01512029653353203,high,0.212,345.35,136772.4438
Madagascar,0.00287365196434877,0.03211465423731523,7.001608084610063e-4,0.00550272812248042,2.4154293040581053e-4,0.00183255599245968,low,0.0042,0.15,1577.432461
Malawi,0.00272845269405232,0.02093797766894646,0.00134315763175299,0.0099149852232153,2.795716281853854e-4,0.00232605856247516,low,0.0025,0.12,1687.593582
Malaysia,0.02800299309412305,0.05001698284995619,0.00587848111134464,0.01993489928584038,0.0018637131740718,0.00661569379546952,low,0.2268,6.91,29822.84918
Maldives,3.4705830607372834e-4,7.484060315224952e-4,9.47411620134477e-5,4.100143566600403e-4,2.762836796169209e-5,1.118548568330412e-4,low,6e-4,1.7,19052.62249
Mali,0.00763592304503645,0.03816323180392027,0.00281179602193787,0.02444439345153767,0.00104905231632011,0.00615207593012613,low,0.0013,0.07,2796.227938
Malta,0.00868610552063525,0.00544165114420654,0.00183315710550045,0.00168629917603413,0.00218282761326703,0.00246952673606982,mid,0.0444,91.64,56802.01025
Marshall Islands,1.2492667530682944e-5,4.6260725341335735e-5,1.0192273071405685e-6,5.329601854794159e-6,3.805718709193518e-7,1.9321301120546472e-6,low,3e-4,5.84,6705.875292
Mauritania,0.00214764931528358,0.00706775308301416,7.285683257803536e-4,0.00372355090096138,2.0794054461479428e-4,0.00122162334242486,low,0.0017,0.43,5836.565808
Mauritius,7.379194092108764e-4,0.00152475711965681,1.904253251748696e-4,6.892446337205657e-4,5.710635924936637e-5,2.2891611576896385e-4,low,0.0168,13.26,22737.57294
Mexico,2.108365111310462,1.6100846694846296,0.5305619387736991,0.6116296653811466,0.6909450987055503,0.910843964555876,mid,2.103,16.7,20782.58774
Micronesia (Federated States of),NA,NA,NA,NA,NA,NA,NA,NA,NA,NA
Monaco,0,0,0,0,0,0,high,NA,NA,NA
Mongolia,0.00178738426451684,0.00410134024482311,4.172621117899464e-4,0.00175152825905287,1.2414357129716892e-4,4.951952834977491e-4,low,0.0352,10.65,14792.25091
Montenegro,3.8612381766539176e-4,7.508677343368834e-4,1.0524524565807532e-4,3.6747951960047336e-4,3.41739039325571e-5,1.3444709243596244e-4,low,0.0057,9.18,23842.06192
Morocco,0.01485495266858025,0.04424421620500829,0.00546363100604603,0.02877570819854563,0.0018715562661133,0.00806631091229271,low,0.0821,2.31,8623.265625
Mozambique,0.00352114359212187,0.0273154427598758,0.00129746343724565,0.01111068871526952,4.371335569430726e-4,0.00393868457770125,low,0.0049,0.16,1457.235409
Myanmar,0.0117691188148212,0.04226298346538187,0.00325985305620658,0.01818584902717929,9.412100807686472e-4,0.00515341191658193,low,4e-4,0.01,5178.447182
Namibia,9.477705330447566e-4,0.00243367470165697,1.8679864570793315e-4,0.00111179586930778,5.762800867027696e-5,2.6297059138539574e-4,low,0.0028,1.13,9709.099306
Nauru,5.976479256056373e-5,5.20338463965363e-5,4.39958619166872e-6,6.048882442450579e-6,6.154540880683192e-6,1.0238041676647187e-5,mid,2e-4,14.8,12196.64515
Nepal,0.00946497696825404,0.03104008711357004,0.00358372925449965,0.01908840191223898,0.00107080111250309,0.00628985034547701,low,0.0891,3.13,4546.2297
Netherlands,0.3679614792782167,0.22662660428672893,0.07889749572558631,0.07029483053154324,0.08829933228636598,0.0974280689124318,mid,3.6785,213.48,68573.56488
New Zealand,0.1103438103298079,0.07185193197883044,0.02690923848074562,0.02547969331829091,0.03147703594893653,0.03532571064722657,mid,0.5353,106.27,47996.67988
Nicaragua,0.00266746459381469,0.00852212431790887,8.636650923229327e-4,0.00466842120446205,2.514212933327554e-4,0.00152936136327049,low,0.0314,4.81,7119.169234
Niger,0.00392275705134844,0.04069108877010171,0.00114570844532101,0.01071832050059208,3.102722608249378e-4,0.00264560846299809,low,1e-4,0.01,1585.59922
Nigeria,0.0746372392667975,0.2828436317689677,0.0119462370089278,0.07202571469648207,0.00371205880789461,0.02047645632492852,low,0.1375,0.68,5491.700341
North Korea,0,0,0,0,0,0,high,0.0895,3.5,NA
North Macedonia,0.00132848401029549,0.00272832792301606,3.943569207216555e-4,0.00148268840745201,1.222131980814776e-4,4.670103560621181e-4,low,0.0319,15.34,22142.97287
Norway,1.1446180795319705,0.3058895490596327,0.5065902776625522,0.16743441759231334,0.2653869138366723,0.1558811057083142,high,2.1691,404.99,88984.13867
Oman,0.1369664732517444,0.09352266827618028,0.0328017624241717,0.03043786033269601,0.03938319855480198,0.05026539995172235,mid,0.1327,30.82,38719.45877
Pakistan,0.09844445358803494,0.3797029173670296,0.04172347059809586,0.2693486942911199,0.01308208486870513,0.07546522767712693,low,0.0489,0.24,5367.273647
Palau,8.457492236385598e-5,6.320420498353653e-5,1.0062264993542212e-5,1.2606837317781746e-5,1.3679370723747562e-5,1.9509235959922404e-5,mid,5e-4,25.39,15663.17159
Panama,0.08793745056912823,0.06189701026928303,0.02156278519246348,0.02087817969750412,0.02709681529632187,0.03400051229569097,mid,0.1354,32.1,30932.76278
Papua New Guinea,0.00161752770591807,0.00915815775237776,1.5603296844375551e-4,9.930594831385644e-4,4.214204530986583e-5,2.6946660062180603e-4,low,0.0358,4.17,3976.903801
Paraguay,0.00462142940678226,0.00998990758435863,0.00138761529177655,0.00551942584530989,4.066431667945655e-4,0.00174959198504615,low,0.0513,7.18,15406.16706
Peru,0.02150574546821498,0.04785846039298673,0.00645077635327652,0.02571966484561524,0.00198140915630583,0.00892430322983776,low,0.2678,8.24,15280.55121
Philippines,0.03450981513894352,0.10416252686971672,0.00473763260234572,0.02155793015471829,0.00148783644078935,0.00773690913296551,low,0.0165,0.15,8857.789951
Poland,0.606144969961369,0.4088089976509007,0.1527576981275047,0.14378253310439706,0.18281187901985332,0.21003011283738723,mid,1.7024,44.83,41059.58478
Portugal,0.14055892112204443,0.09324765487034656,0.03119864638468166,0.03181940411942457,0.03719260761085304,0.04450814237095125,mid,0.8695,84.7,38657.66772
Qatar,0.15516480623850157,0.0997941480253932,0.04001960106673601,0.03368136595808034,0.04353121295380113,0.04474057459410475,mid,0.2287,83.07,116832.5703
Republic of Ireland,0.14839763126608074,0.084586482222543,0.02345637358910414,0.01988575360367961,0.02591227284842309,0.02670583919342371,mid,0.5148,104,116903.6124
Republic of Korea,2.528644791349109,0.592027862717862,1.1459585160399852,0.23883932879342723,0.8965898198297632,0.462103805155182,high,7.2547,139.93,48419.64325
Republic of Moldova,0.00165953414234423,0.00360904066354635,5.785240240306045e-4,0.00226433221053616,1.6805863908508814e-4,6.861301028974229e-4,low,0.0051,1.43,15682.07033
Romania,0.2519546026799192,0.16764748718506814,0.05652420793928306,0.05246007641629829,0.07110629768298334,0.08514476354264043,mid,0.3761,19.27,37730.37084
Russian Federation,0.12669249612528471,0.23046969064312503,0.0348177007657698,0.10955667939304532,0.0114171198218439,0.04555635150740205,low,0.8921,6.08,38638.42969
Rwanda,0.00114536041899984,0.00259282327107778,1.720812813826719e-4,6.892206049908806e-4,1.1153387430611064e-4,3.668392561156487e-4,low,0.0035,0.28,2733.435668
Saint Kitts and Nevis,0.0039558913324266,0.00147439037327949,0.00184272324912506,0.00103426581699091,0.00102489226937675,7.50712874380372e-4,high,0.003,56.98,26896.61771
Saint Lucia,0.00247402955609518,0.00194353841363942,6.635719582802032e-4,7.530903467738311e-4,8.49303358820758e-4,0.00113721936024116,mid,0.0054,29.98,19101.1653
Saint Vincent and the Grenadines,0.00116239887155402,9.387931513920656e-4,2.9714480835976156e-4,3.506849199140575e-4,4.006844726167097e-4,5.994872691965746e-4,mid,0.0026,23.29,16200.89946
Samoa,4.922581677459416e-5,2.0490926455422336e-4,3.990444859189149e-6,2.0779220219176555e-5,1.2944193341015803e-6,6.434344312542811e-6,low,0.001,5.16,6214.016928
San Marino,0.00387040160409719,0.00107155397304788,0.00161692855086811,6.062302604199871e-4,8.519903538260262e-4,5.217188305968562e-4,high,0.0075,222.24,64745.13168
Sao Tome and Principe,8.32633118671992e-5,2.703259077876383e-4,3.296315226703589e-5,1.751394226676886e-4,9.087525570128684e-6,5.355589792480528e-5,low,1e-4,0.61,5732.694561
Saudi Arabia,0.05541155525704792,0.09619187999532086,0.01312498261690643,0.03969127203733363,0.00402918185255697,0.01254295023888898,low,1.2518,36.73,62690.49666
Senegal,0.00585673231345853,0.02383816125327224,0.00233263737021582,0.01378968420392753,7.153194930445902e-4,0.00419833248356352,low,0.0044,0.27,4173.677414
Serbia,0.08764436599042894,0.06214277623376831,0.02040586750013448,0.0224852476989977,0.02645090735967675,0.03466833219257026,mid,0.11,15.79,23404.99711
Seychelles,7.807454862250856e-5,1.496126192578746e-4,1.8715592505651424e-5,6.847006067308381e-5,5.361456779397744e-6,1.994032049776668e-5,low,0.0013,13.61,29979.82727
Sierra Leone,0.00383210023244993,0.01683373580467143,0.00182676597186334,0.0108835250720136,4.208668800136525e-4,0.00264654135074501,low,0.0014,0.18,2851.952081
Singapore,0.30786288486165003,0.18426861943775188,0.06765768447019777,0.05591822499143505,0.07525518667495493,0.07732346993097582,mid,1.1604,204.66,132617.354
Slovakia,0.07832400866630157,0.0521186001861452,0.01829679718442062,0.01817797685244222,0.02181660124505446,0.02759576113752488,mid,0.3082,56.55,38346.09358
Slovenia,0.03893825380088819,0.02609173993973424,0.00997298915133805,0.00940783965160861,0.0116356885666169,0.01277576818500191,mid,0.1215,58.73,45914.05724
Solomon Islands,8.39680458410991e-5,5.700030815276283e-4,8.889036273598722e-6,5.3567686822390184e-5,2.3923180322486916e-6,1.7068761410680382e-5,low,0.0021,3.26,2518.421624
Somalia,0.00221455332559888,0.02099490739724797,5.048918331224931e-4,0.00434047158064318,1.265613842765344e-4,0.00106959683799693,low,0.0026,0.17,1392.46426
South Africa,0.43114460955044176,0.3120055397809659,0.07284117877155376,0.09284356331403594,0.09561306954255394,0.13627315566239626,mid,2.2861,38.86,13711.29357
South Sudan,0,0,0,0,0,0,high,0.0011,0.09,NA
Spain,1.2574609629783973,0.3289488552565717,0.28037729608165674,0.07420129533592618,0.1845109237452188,0.09928371302324816,high,8.3063,178.03,44251.66582
Sri Lanka,0.00933829559141984,0.02265534740585777,0.00257452411169224,0.01181514944202493,7.1619296667524e-4,0.00339307585373367,low,0.04,1.82,14316.13522
Sudan,0.01114943908806854,0.04393345528221829,0.0034084347394029,0.01972255740548551,8.174556290224494e-4,0.00527740525095926,low,0.0463,1.07,3248.975586
Suriname,0.00765872875772615,0.00563508091469809,0.00190649149522771,0.00222595420843969,0.00248635151920077,0.00331329516771952,mid,0.0095,15.9,18458.235
Sweden,2.3399303200863595,0.5537975643146158,0.842937864725568,0.1741762606867565,0.4814060515567968,0.24238614694698865,high,3.3758,327.04,62731.70062
Switzerland,1.5157840493801888,0.35548572861504124,0.6646167777491602,0.1556867307987735,0.24224118660193275,0.1262538928876555,high,4.2189,493.73,81001.41112
Syrian Arab Republic,0.00447242681295291,0.01592685999924725,0.00147755436252733,0.00857782971100893,3.726736349871802e-4,0.00216971713971561,low,0.028,1.66,4592.838601
Taiwan,2.932409469572453,0.7559300835128459,1.8509879551386597,0.5551107266542482,0.6936672344195242,0.49092356451884345,high,6.3776,269.82,64700
Tajikistan,0.0021729783658798,0.00953608399863627,6.18915731830455e-4,0.00400756464776312,1.9777335435390903e-4,0.00120115988561051,low,0.0306,3.29,3985.912476
Thailand,0.04996312451622525,0.10327229105172175,0.0163052008015234,0.05730604033468335,0.00524208832243461,0.02111428111084886,low,0.1917,2.82,20242.77
Timor-Leste,4.082553221410216e-4,0.00140403783296907,8.813923584235848e-5,4.255394377942031e-4,2.335174477688827e-5,1.191006376393114e-4,low,7e-4,0.55,6824.792339
Togo,0.00245972419618337,0.00939710198749307,9.146043044634512e-4,0.00529825239845085,2.728146375940761e-4,0.00180235655452525,low,0.0017,0.2,2577.201963
Tonga,4.187591037641117e-4,4.7211484213874674e-4,3.0576254283165196e-5,5.244176382544061e-5,4.861913289927371e-5,7.989832602077677e-5,mid,0.0017,16.62,7034.92497
Trinidad and Tobago,0.02571407441557571,0.019164588947983,0.0069096525780414,0.00718660546612798,0.00863881844170432,0.010947562569049,mid,0.0737,53.4,30424.66489
Tunisia,0.00666935077376564,0.01691304610261035,0.00212925110323902,0.00888025607693885,6.224265476098331e-4,0.00257243691000656,low,0.0609,5.17,12444.3264
Turkey,0.09085387434785525,0.17511348857286552,0.02838852384730505,0.09218895612926892,0.00867679019470133,0.03178800956464787,low,0.8299,10,31338.26652
Turkmenistan,0.0557814859241709,0.03965588946269733,0.01147981361666726,0.01419538091535245,0.01506175248652223,0.02016264116172715,mid,0.1348,22.57,16434.13991
Tuvalu,1.924326839791192e-5,2.5246420262874497e-5,1.7080932835579883e-6,3.073152406544911e-6,2.539559973707587e-6,4.624303846543292e-6,mid,1e-4,6.81,5352.978625
Uganda,0.01093497677940497,0.05611119750437186,0.00366944751620114,0.02184659178870783,9.613514618159572e-4,0.00600594917984556,low,0.0124,0.31,2684.920359
Ukraine,0.01993689510514778,0.04645744223264578,0.00611869986585256,0.02421196159025368,0.00184673241999062,0.00816096347882237,low,0.0589,1.41,17846.4082
United Arab Emirates,0.2606420584723517,0.17073504529678088,0.06615774884125106,0.05699667235189324,0.07824992279436885,0.0848319000702312,mid,0.6985,64.99,67401.12129
United Kingdom of Great Britain and Northern Ireland,3.888716911246356,1.211838141161251,1.1184560871687443,0.4478073979454508,1.801631972292054,0.905911191263508,high,9.5769,143.22,51004.42717
United Republic of Tanzania,0.02524885337365548,0.06091461305621296,0.00415619658702131,0.01499390580178219,9.846039879004233e-4,0.00337430955770601,low,1e-4,0.01,3493.083008
United States of America,64.08345060697826,15.820229303762607,22.841205732335393,5.234227048749342,17.103786941744257,8.576449505701966,high,133.5058,405.46,71307.40173
Uruguay,0.06394375659834323,0.04674092298390783,0.01670944043138682,0.01681685087002232,0.02117862417571746,0.0272489836218228,mid,0.1075,30.56,29431.88501
Uzbekistan,0.01195355504379508,0.03016209181416066,0.00306124736014899,0.01686686858076143,9.46969379555184e-4,0.00431778945637782,low,0.2183,6.61,9247.643827
Vanuatu,5.21727869483233e-5,2.779597952913935e-4,5.17636297005924e-6,3.4095827696516995e-5,1.3477333744991006e-6,8.58408962589955e-6,low,1e-4,0.51,3135.836649
Venezuela,0,0,0,0,0,0,high,0.49370000000000003,17.93,NA
Viet Nam,0.03883818413356214,0.09125889466293088,0.00922800164519995,0.04204542686777434,0.00265643242480645,0.01311786910960474,low,0.057,0.6,12048.90199
Yemen,0,0,0,0,0,0,high,0.0098,0.31,NA
Zambia,0.005480736878986,0.02293060564033822,0.00179577528862497,0.01155828447064577,5.60704609426672e-4,0.00329764904225139,low,8e-4,0.04,3503.034914
Zimbabwe,0.00270702630266447,0.01388532052886882,4.748291831649263e-4,0.00324291281512397,1.3629879871292547e-4,8.126145395120879e-4,low,0.0587,3.94,3184.784602
Global,159.48187666860986,17.86741499833891,59.46564901413664,6.323331225844874,42.2959227436941,9.753937992348941,NA,NA,NA,NA
